Presentaciones,,Lista de Fragancias
10ml,,Abercrombie & Fitch - Fierce
30ml,,Ariana Grande - ARI
60ml,,Ariana Grande - Cloud
100ml,,Ariana Grande - God is a woman
,,Ariana Grande - REM
,,Ariana Grande - Sweet Like Candy
,,Ariana Grande - Thank U Next
,,Ariana Grande - Thank U Next 2.0
,,Azzaro - Wanted By Night
,,Bharara - King Bharara
,,Bond No9 - Greenwich Village
,,Burberry - Goddess
,,Burberry - Her
,,Bvlgari - Man in Black
,,Bvlgari - Omnia Coral
,,Cacharel - Amor Amor
,,Calvin Klein - CK One
,,Calvin Klein - Eternity
,,Calvin Klein - Eternity Air
,,Carolina Herrera - 212 Héroes Forever Young
,,Carolina Herrera - 212 Men Nyc
,,Carolina Herrera - 212 Sexy
,,Carolina Herrera - 212 VIP Rose
,,Carolina Herrera - 212 Vip Black
,,Carolina Herrera - Bad Boy
,,Carolina Herrera - Bad Boy Cobalt
,,Carolina Herrera - Bad Boy Cobalt Elixir
,,Carolina Herrera - Bad Boy Extreme
,,Carolina Herrera - CH
,,Carolina Herrera - CH L'Eau / Garden
,,Carolina Herrera - Good Girl
,,Carolina Herrera - Good Girl Blush
,,Carolina Herrera - La Bomba
,,Chanel - Bleu
,,Chanel - Bleu de Chanel L'Exclusif
,,Chanel - Chance Eau Fraiche
,,Chanel - Chance Eau Tendre
,,Chanel - Coco Mademoiselle Intense
,,Chanel - No°5
,,Creed - Aventus
,,Creed - Creed
,,Creed - Millesime Imperial
,,Cristiano Ronaldo - CR7 Play It Cool
,,DKNY - Be Delicious
,,DKNY - Be Delicious Electric Bright Crush
,,DKNY - Be Tempted
,,Dior - Joy
,,Dior - Miss Dior
,,Dior - Sauvage
,,Dolce & Gabbana - Light Blue
,,Dolce & Gabbana - Light Blue (Mujer)
,,Dolce & Gabbana - The One
,,Emporio Armani - Acqua Di Gio
,,Ex Nihilo - Blue Talismán
,,Giorgio Armani - Acqua Di Gio Profumo
,,Giorgio Armani - My Way
,,Giorgio Armani - Santal Dan Sha
,,Giorgio Armani - Si
,,Gucci - Flora
,,Gucci - Flora Gorgeous Orchid
,,Gucci - Guilty pour homme
,,Guerlain - Mon Guerlain
,,Hugo Boss - Bottled Infinite
,,Hugo Boss - Bottled Night
,,Hugo Boss - Dark Blue
,,J. Del Pozo - Halloween
,,Jean Paul Gaultier - Gaultier Divine Elixir
,,Jean Paul Gaultier - Le Beau
,,Jean Paul Gaultier - Le Male
,,Jean Paul Gaultier - Le Male Aviator
,,Jean Paul Gaultier - Le Male Elixir
,,Jean Paul Gaultier - Scandal
,,Jo Malone - English Pear & Freesia
,,Juicy Couture - Viva La Juicy
,,Kilian - Black Phantom
,,"Kilian - Love, Don't Be Shy"
,,Lacoste - White
,,Lacoste - Yellow Jaune
,,Lancome - Idole
,,Lancome - La Nuit Trésor
,,Lancome - La Vie Est Belle
,,Lattafa - Yara
,,Le Labo - Santal 33
,,Le Labo - The Matcha 26
,,Loewe - 7 Cobalto
,,Louis Vuitton - Attrape-Rêves (Atrapa Sueños)
,,Louis Vuitton - California Dream
,,Louis Vuitton - Imagination
,,Louis Vuitton - L'Immensite
,,Louis Vuitton - Ombre Nomade
,,Louis Vuitton - Pacific Chill
,,Louis Vuitton - Spell On You
,,Maison Francis Kurkdjian - Baccarat Rouge 540
,,Maison Francis Kurkdjian - Baccarat Rouge 540 Extrait
,,Marc Jacobs - Daisy Daze
,,Marc Jacobs - Daisy Eau So Fresh Sunshine
,,Marc Jacobs - Perfect
,,Moschino - Toy 2
,,Moschino - Toy 2 Bubble Gum
,,Moschino - Toy Boy
,,Mugler - Angel Nova
,,Nautica - Voyage
,,Nina Ricci - Nina
,,Paco Rabanne - Invictus Legend
,,Paco Rabanne - Invictus Victory Elixir
,,Paco Rabanne - Lady Million My Gold
,,Paco Rabanne - One Million
,,Paco Rabanne - One Million Lucky
,,Paco Rabanne - Phantom
,,Paco Rabanne - Pour Homme
,,Parfums de Marly - Delina La Rosée
,,Parfums de Marly - Layton
,,Paris Hilton - Can Can
,,Perry Ellis - 360° (Mujer)
,,Perry Ellis - 360° Red
,,Prada - Paradoxe
,,Ralph Lauren - Polo Blue
,,Ralph Lauren - Ralph
,,Sabrina Carpenter - Sweet Tooth
,,Tom Ford - Fucking Fabulous
,,Tom Ford - Lost Cherry
,,Tom Ford - Ombre Leather
,,Tom Ford - Soleil Blanc
,,Tom Ford - Tobacco Vanille
,,Tom Ford - Tuscan Leather
,,Tommy Hilfiger - Tommy Girl
,,Valentino - Donna Born In Roma
,,Valentino - Donna Born In Roma Intense
,,Valentino - Donna Born In Roma Yellow Dream
,,Valentino - Valentino Uomo
,,Valentino - Valentino Uomo Born In Roma Intense
,,Versace - Bright Crystal
,,Versace - Dylan Blue
,,Versace - Eros
,,Versace - Eros (Mujer)
,,Versace - Eros Flame
,,Versace - Versace Pour Homme
,,Victoria's Secret - Bombshell
,,Viktor & Rolf - Spicebomb Night Vision
,,Xerjoff - Alexandria II
,,Xerjoff - Erba Pura
,,Yves Saint Laurent - Black Opium
,,Yves Saint Laurent - Libre
,,Yves Saint Laurent - Libre Intense
,,Yves Saint Laurent - MYSLF L'Absolu
,,Yves Saint Laurent - Y